relationship_element_id,start_node_element_id,end_node_element_id
"HAS_SOURCE|Custodian|custodian:aihw|SourceURL|https://www.aihw.gov.au/about-our-data/accessing-data-through-the-aihw,",Custodian|custodian:aihw,"SourceURL|https://www.aihw.gov.au/about-our-data/accessing-data-through-the-aihw,"
HAS_SOURCE|Custodian|custodian:aihw|SourceURL|https://www.aihw.gov.au/about-our-data/accessing-data-through-the-aihw/data-on-request,Custodian|custodian:aihw,SourceURL|https://www.aihw.gov.au/about-our-data/accessing-data-through-the-aihw/data-on-request
"HAS_SOURCE|Custodian|custodian:aihw|SourceURL|https://www.aihw.gov.au/about-our-data/data-governance,",Custodian|custodian:aihw,"SourceURL|https://www.aihw.gov.au/about-our-data/data-governance,"
"HAS_SOURCE|Custodian|custodian:aihw|SourceURL|https://www.aihw.gov.au/about-our-data/our-data-collections,",Custodian|custodian:aihw,"SourceURL|https://www.aihw.gov.au/about-our-data/our-data-collections,"
"HAS_SOURCE|Custodian|custodian:aihw|SourceURL|https://www.aihw.gov.au/getmedia/3117bc9c-46ee-4891-a423-2ec0d66e12e7/aihw-data-governance-framework-2022.pdf.aspx,",Custodian|custodian:aihw,"SourceURL|https://www.aihw.gov.au/getmedia/3117bc9c-46ee-4891-a423-2ec0d66e12e7/aihw-data-governance-framework-2022.pdf.aspx,"
"HAS_SOURCE|Custodian|custodian:australian-bureau-of-statistics|SourceURL|https://www.abs.gov.au/statistics/microdata-tablebuilder,",Custodian|custodian:australian-bureau-of-statistics,"SourceURL|https://www.abs.gov.au/statistics/microdata-tablebuilder,"
"HAS_SOURCE|Custodian|custodian:australian-bureau-of-statistics|SourceURL|https://www.abs.gov.au/statistics/microdata-tablebuilder/available-microdata-tablebuilder,",Custodian|custodian:australian-bureau-of-statistics,"SourceURL|https://www.abs.gov.au/statistics/microdata-tablebuilder/available-microdata-tablebuilder,"
HAS_SOURCE|Custodian|custodian:australian-bureau-of-statistics|SourceURL|https://www.abs.gov.au/statistics/microdata-tablebuilder/responsible-use-abs-microdata,Custodian|custodian:australian-bureau-of-statistics,SourceURL|https://www.abs.gov.au/statistics/microdata-tablebuilder/responsible-use-abs-microdata
HAS_SOURCE|Custodian|custodian:services-australia|SourceURL|https://www.oaic.gov.au/privacy/privacy-legislation/related-legislation/medicare-and-pharmaceutical-benefits,Custodian|custodian:services-australia,SourceURL|https://www.oaic.gov.au/privacy/privacy-legislation/related-legislation/medicare-and-pharmaceutical-benefits
"HAS_SOURCE|Custodian|custodian:services-australia|SourceURL|https://www.servicesaustralia.gov.au/statistical-information-and-data?context=22,",Custodian|custodian:services-australia,"SourceURL|https://www.servicesaustralia.gov.au/statistical-information-and-data?context=22,"
"HAS_SOURCE|Custodian|custodian:department-of-health-and-aged-care|SourceURL|https://hwd.health.gov.au/using-our-website/privacy.html,",Custodian|custodian:department-of-health-and-aged-care,"SourceURL|https://hwd.health.gov.au/using-our-website/privacy.html,"
HAS_SOURCE|Custodian|custodian:department-of-health-and-aged-care|SourceURL|https://www.aihw.gov.au/reports-data/nhdh/access,Custodian|custodian:department-of-health-and-aged-care,SourceURL|https://www.aihw.gov.au/reports-data/nhdh/access
"HAS_SOURCE|Custodian|custodian:department-of-health-and-aged-care|SourceURL|https://www.health.gov.au/resources/publications/data-access-and-release-policy?language=en,",Custodian|custodian:department-of-health-and-aged-care,"SourceURL|https://www.health.gov.au/resources/publications/data-access-and-release-policy?language=en,"
"HAS_SOURCE|Custodian|custodian:department-of-health-and-aged-care|SourceURL|https://www.health.gov.au/topics/health-data-and-medical-research/data-strategy?language=en,",Custodian|custodian:department-of-health-and-aged-care,"SourceURL|https://www.health.gov.au/topics/health-data-and-medical-research/data-strategy?language=en,"
"HAS_SOURCE|Custodian|custodian:department-of-health-and-aged-care|SourceURL|https://www.health.gov.au/topics/health-data-and-medical-research/our-data-collections?language=en,",Custodian|custodian:department-of-health-and-aged-care,"SourceURL|https://www.health.gov.au/topics/health-data-and-medical-research/our-data-collections?language=en,"
"HAS_SOURCE|Custodian|custodian:tga|SourceURL|https://www.tga.gov.au/about-us/role-tga,",Custodian|custodian:tga,"SourceURL|https://www.tga.gov.au/about-us/role-tga,"
HAS_SOURCE|Custodian|custodian:tga|SourceURL|https://www.tga.gov.au/products/regulations-all-products/manufacturing/data-management-and-data-integrity-dmdi,Custodian|custodian:tga,SourceURL|https://www.tga.gov.au/products/regulations-all-products/manufacturing/data-management-and-data-integrity-dmdi
"HAS_SOURCE|Custodian|custodian:tga|SourceURL|https://www.tga.gov.au/safety/shortages-and-supply-disruptions/medicine-shortages/data-sharing-help-manage-serious-shortages-hospital-medicines/medicine-shortages-data-sharing-framework,",Custodian|custodian:tga,"SourceURL|https://www.tga.gov.au/safety/shortages-and-supply-disruptions/medicine-shortages/data-sharing-help-manage-serious-shortages-hospital-medicines/medicine-shortages-data-sharing-framework,"
"HAS_SOURCE|Custodian|custodian:tga|SourceURL|https://www.tga.gov.au/search?keywords=data+access&submit=Search,",Custodian|custodian:tga,"SourceURL|https://www.tga.gov.au/search?keywords=data+access&submit=Search,"
HAS_SOURCE|Custodian|custodian:apra|SourceURL|https://www.aihw.gov.au/reports/health-welfare-expenditure/health-expenditure-australia-2023-24/contents/overview-of-data-sources-and-methodology/data-processing-the-australian-government,Custodian|custodian:apra,SourceURL|https://www.aihw.gov.au/reports/health-welfare-expenditure/health-expenditure-australia-2023-24/contents/overview-of-data-sources-and-methodology/data-processing-the-australian-government
"HAS_SOURCE|Custodian|custodian:apra|SourceURL|https://www.apra.gov.au/data-and-statistics,",Custodian|custodian:apra,"SourceURL|https://www.apra.gov.au/data-and-statistics,"
"HAS_SOURCE|Custodian|custodian:apra|SourceURL|https://www.apra.gov.au/national-claims-and-policies-database-statistics,",Custodian|custodian:apra,"SourceURL|https://www.apra.gov.au/national-claims-and-policies-database-statistics,"
"HAS_SOURCE|Custodian|custodian:apra|SourceURL|https://www.apra.gov.au/operations-of-private-health-insurers-annual-report,",Custodian|custodian:apra,"SourceURL|https://www.apra.gov.au/operations-of-private-health-insurers-annual-report,"
"HAS_SOURCE|Custodian|custodian:apra|SourceURL|https://www.apra.gov.au/quarterly-private-health-insurance-statistics,",Custodian|custodian:apra,"SourceURL|https://www.apra.gov.au/quarterly-private-health-insurance-statistics,"
"HAS_SOURCE|Custodian|custodian:apra|SourceURL|https://www.apra.gov.au/statistics,",Custodian|custodian:apra,"SourceURL|https://www.apra.gov.au/statistics,"
HAS_SOURCE|Custodian|custodian:nsw-health-ministry-of-health-nsw|SourceURL|https://aci.health.nsw.gov.au/networks/trauma/data/request,Custodian|custodian:nsw-health-ministry-of-health-nsw,SourceURL|https://aci.health.nsw.gov.au/networks/trauma/data/request
"HAS_SOURCE|Custodian|custodian:nsw-health-ministry-of-health-nsw|SourceURL|https://aci.health.nsw.gov.au/support-for-innovation/data-requests,",Custodian|custodian:nsw-health-ministry-of-health-nsw,"SourceURL|https://aci.health.nsw.gov.au/support-for-innovation/data-requests,"
"HAS_SOURCE|Custodian|custodian:nsw-health-ministry-of-health-nsw|SourceURL|https://atlaslongitudinaldatasets.ac.uk/datasets/apdc,",Custodian|custodian:nsw-health-ministry-of-health-nsw,"SourceURL|https://atlaslongitudinaldatasets.ac.uk/datasets/apdc,"
"HAS_SOURCE|Custodian|custodian:nsw-health-ministry-of-health-nsw|SourceURL|https://metadata.phrn.org.au/dataset/APDC-nsw,",Custodian|custodian:nsw-health-ministry-of-health-nsw,"SourceURL|https://metadata.phrn.org.au/dataset/APDC-nsw,"
"HAS_SOURCE|Custodian|custodian:nsw-health-ministry-of-health-nsw|SourceURL|https://pmc.ncbi.nlm.nih.gov/articles/PMC8142947/,",Custodian|custodian:nsw-health-ministry-of-health-nsw,"SourceURL|https://pmc.ncbi.nlm.nih.gov/articles/PMC8142947/,"
"HAS_SOURCE|Custodian|custodian:nsw-health-ministry-of-health-nsw|SourceURL|https://www.health.nsw.gov.au/data/sharing/Pages/secure-access-environments.aspx,",Custodian|custodian:nsw-health-ministry-of-health-nsw,"SourceURL|https://www.health.nsw.gov.au/data/sharing/Pages/secure-access-environments.aspx,"
"HAS_SOURCE|Custodian|custodian:nsw-health-ministry-of-health-nsw|SourceURL|https://www1.health.nsw.gov.au/pds/Pages/doc.aspx?dn=GL2019_002,",Custodian|custodian:nsw-health-ministry-of-health-nsw,"SourceURL|https://www1.health.nsw.gov.au/pds/Pages/doc.aspx?dn=GL2019_002,"
"HAS_SOURCE|Custodian|custodian:cherel|SourceURL|https://www.cherel.org.au/,https://www.cherel.org.au/datasets,https://www.cherel.org.au/apply,https://www.cherel.org.au/media/54397/guide-to-applying-for-linked-data_v1_published17jan2025.pdf,https://www.saxinstitute.org.au/wp-content/uploads/CUPL-Governance-Framework.pdf,https://www.health.nsw.gov.au/lumos/Publications/data-governance-framework.pdf,https://www.phrn.org.au/data/how-to-apply/application/",Custodian|custodian:cherel,"SourceURL|https://www.cherel.org.au/,https://www.cherel.org.au/datasets,https://www.cherel.org.au/apply,https://www.cherel.org.au/media/54397/guide-to-applying-for-linked-data_v1_published17jan2025.pdf,https://www.saxinstitute.org.au/wp-content/uploads/CUPL-Governance-Framework.pdf,https://www.health.nsw.gov.au/lumos/Publications/data-governance-framework.pdf,https://www.phrn.org.au/data/how-to-apply/application/"
"HAS_SOURCE|Custodian|custodian:cancer-institute-nsw|SourceURL|https://www.cancer.nsw.gov.au/about-cancer/document-library/data-access-policy,",Custodian|custodian:cancer-institute-nsw,"SourceURL|https://www.cancer.nsw.gov.au/about-cancer/document-library/data-access-policy,"
"HAS_SOURCE|Custodian|custodian:cancer-institute-nsw|SourceURL|https://www.cancer.nsw.gov.au/research-and-data/cancer-data-and-statistics/data-available-on-request,",Custodian|custodian:cancer-institute-nsw,"SourceURL|https://www.cancer.nsw.gov.au/research-and-data/cancer-data-and-statistics/data-available-on-request,"
HAS_SOURCE|Custodian|custodian:cancer-institute-nsw|SourceURL|https://www.cancer.nsw.gov.au/research-and-data/cancer-data-and-statistics/data-available-on-request/request-unit-record-data-for-research/breastscreen-nsw,Custodian|custodian:cancer-institute-nsw,SourceURL|https://www.cancer.nsw.gov.au/research-and-data/cancer-data-and-statistics/data-available-on-request/request-unit-record-data-for-research/breastscreen-nsw
"HAS_SOURCE|Custodian|custodian:cancer-institute-nsw|SourceURL|https://www.cancer.nsw.gov.au/research-and-data/cancer-data-and-statistics/data-available-on-request/request-unit-record-data-for-research/nsw-cancer-registry,",Custodian|custodian:cancer-institute-nsw,"SourceURL|https://www.cancer.nsw.gov.au/research-and-data/cancer-data-and-statistics/data-available-on-request/request-unit-record-data-for-research/nsw-cancer-registry,"
"HAS_SOURCE|Custodian|custodian:vahi|SourceURL|https://vahi.freshdesk.com/support/home,",Custodian|custodian:vahi,"SourceURL|https://vahi.freshdesk.com/support/home,"
HAS_SOURCE|Custodian|custodian:vahi|SourceURL|https://vahi.vic.gov.au/,Custodian|custodian:vahi,SourceURL|https://vahi.vic.gov.au/
"HAS_SOURCE|Custodian|custodian:vahi|SourceURL|https://vahi.vic.gov.au/ourwork/data-acquisition-and-management,",Custodian|custodian:vahi,"SourceURL|https://vahi.vic.gov.au/ourwork/data-acquisition-and-management,"
"HAS_SOURCE|Custodian|custodian:vahi|SourceURL|https://vahi.vic.gov.au/ourwork/data-linkage,",Custodian|custodian:vahi,"SourceURL|https://vahi.vic.gov.au/ourwork/data-linkage,"
HAS_SOURCE|Custodian|custodian:victorian-cancer-registry|SourceURL|https://pmc.ncbi.nlm.nih.gov/articles/PMC10749758/,Custodian|custodian:victorian-cancer-registry,SourceURL|https://pmc.ncbi.nlm.nih.gov/articles/PMC10749758/
"HAS_SOURCE|Custodian|custodian:victorian-cancer-registry|SourceURL|https://vcccalliance.org.au/research/data-connect,",Custodian|custodian:victorian-cancer-registry,"SourceURL|https://vcccalliance.org.au/research/data-connect,"
"HAS_SOURCE|Custodian|custodian:victorian-cancer-registry|SourceURL|https://www.cancervic.org.au/research/our-research/victoria-cancer-registry,",Custodian|custodian:victorian-cancer-registry,"SourceURL|https://www.cancervic.org.au/research/our-research/victoria-cancer-registry,"
"HAS_SOURCE|Custodian|custodian:victorian-cancer-registry|SourceURL|https://www.cancervic.org.au/research/our-research/victoria-cancer-registry/data-requests,",Custodian|custodian:victorian-cancer-registry,"SourceURL|https://www.cancervic.org.au/research/our-research/victoria-cancer-registry/data-requests,"
"HAS_SOURCE|Custodian|custodian:victorian-cancer-registry|SourceURL|https://www.cancervic.org.au/research/our-research/victoria-cancer-registry/legal-and-governance,",Custodian|custodian:victorian-cancer-registry,"SourceURL|https://www.cancervic.org.au/research/our-research/victoria-cancer-registry/legal-and-governance,"
"HAS_SOURCE|Custodian|custodian:victorian-cancer-registry|SourceURL|https://www.health.vic.gov.au/cancer-care/improving-cancer-outcomes-regulations-2025,",Custodian|custodian:victorian-cancer-registry,"SourceURL|https://www.health.vic.gov.au/cancer-care/improving-cancer-outcomes-regulations-2025,"
"HAS_SOURCE|Custodian|custodian:centre-for-victorian-data-linkage-cvdl|SourceURL|http://www.med.monash.edu.au/assets/docs/creps/2016/2016datalinkageaug-yingchen.pdf,",Custodian|custodian:centre-for-victorian-data-linkage-cvdl,"SourceURL|http://www.med.monash.edu.au/assets/docs/creps/2016/2016datalinkageaug-yingchen.pdf,"
"HAS_SOURCE|Custodian|custodian:centre-for-victorian-data-linkage-cvdl|SourceURL|https://iht.deakin.edu.au/wp-content/uploads/sites/153/2022/01/cvdl-virtual-machine-access-model.pdf,",Custodian|custodian:centre-for-victorian-data-linkage-cvdl,"SourceURL|https://iht.deakin.edu.au/wp-content/uploads/sites/153/2022/01/cvdl-virtual-machine-access-model.pdf,"
"HAS_SOURCE|Custodian|custodian:centre-for-victorian-data-linkage-cvdl|SourceURL|https://vahi.vic.gov.au/ourwork/data-linkage,",Custodian|custodian:centre-for-victorian-data-linkage-cvdl,"SourceURL|https://vahi.vic.gov.au/ourwork/data-linkage,"
"HAS_SOURCE|Custodian|custodian:centre-for-victorian-data-linkage-cvdl|SourceURL|https://vahi.vic.gov.au/ourwork/data-linkage/about,",Custodian|custodian:centre-for-victorian-data-linkage-cvdl,"SourceURL|https://vahi.vic.gov.au/ourwork/data-linkage/about,"
"HAS_SOURCE|Custodian|custodian:centre-for-victorian-data-linkage-cvdl|SourceURL|https://vahi.vic.gov.au/ourwork/data-linkage/data-custodians,",Custodian|custodian:centre-for-victorian-data-linkage-cvdl,"SourceURL|https://vahi.vic.gov.au/ourwork/data-linkage/data-custodians,"
HAS_SOURCE|Custodian|custodian:centre-for-victorian-data-linkage-cvdl|SourceURL|https://www.clinicaltrialsandresearch.vic.gov.au/__data/assets/pdf_file/0013/171130/Jurisdictional-Legislative-Requirements-December-2023.pdf,Custodian|custodian:centre-for-victorian-data-linkage-cvdl,SourceURL|https://www.clinicaltrialsandresearch.vic.gov.au/__data/assets/pdf_file/0013/171130/Jurisdictional-Legislative-Requirements-December-2023.pdf
"HAS_SOURCE|Custodian|custodian:centre-for-victorian-data-linkage-cvdl|SourceURL|https://www.monash.edu/__data/assets/pdf_file/0018/2033190/centre-for-victorian-data-linkage-may-2019.pdf,",Custodian|custodian:centre-for-victorian-data-linkage-cvdl,"SourceURL|https://www.monash.edu/__data/assets/pdf_file/0018/2033190/centre-for-victorian-data-linkage-may-2019.pdf,"
"HAS_SOURCE|Custodian|custodian:centre-for-victorian-data-linkage-cvdl|SourceURL|https://www.phrn.org.au/resources/data-linkage-units/,",Custodian|custodian:centre-for-victorian-data-linkage-cvdl,"SourceURL|https://www.phrn.org.au/resources/data-linkage-units/,"
"HAS_SOURCE|Custodian|custodian:centre-for-victorian-data-linkage-cvdl|SourceURL|https://www.sciencedirect.com/science/article/pii/S1326020024000645,",Custodian|custodian:centre-for-victorian-data-linkage-cvdl,"SourceURL|https://www.sciencedirect.com/science/article/pii/S1326020024000645,"
"HAS_SOURCE|Custodian|custodian:queensland-health|SourceURL|https://cancerallianceqld.health.qld.gov.au/queensland-cancer-register-qcr/,",Custodian|custodian:queensland-health,"SourceURL|https://cancerallianceqld.health.qld.gov.au/queensland-cancer-register-qcr/,"
"HAS_SOURCE|Custodian|custodian:queensland-health|SourceURL|https://www.health.qld.gov.au/hsu/collections/pdc,",Custodian|custodian:queensland-health,"SourceURL|https://www.health.qld.gov.au/hsu/collections/pdc,"
"HAS_SOURCE|Custodian|custodian:queensland-health|SourceURL|https://www.health.qld.gov.au/hsu/collections/qhapdc,",Custodian|custodian:queensland-health,"SourceURL|https://www.health.qld.gov.au/hsu/collections/qhapdc,"
HAS_SOURCE|Custodian|custodian:queensland-health|SourceURL|https://www.health.qld.gov.au/hsu/link/datalink,Custodian|custodian:queensland-health,SourceURL|https://www.health.qld.gov.au/hsu/link/datalink
"HAS_SOURCE|Custodian|custodian:queensland-health|SourceURL|https://www.health.qld.gov.au/research-reports/research/data-requests,",Custodian|custodian:queensland-health,"SourceURL|https://www.health.qld.gov.au/research-reports/research/data-requests,"
"HAS_SOURCE|Custodian|custodian:queensland-health|SourceURL|https://www.health.qld.gov.au/research-reports/research/researchers/how-to/confidential-information/apply-for-information,",Custodian|custodian:queensland-health,"SourceURL|https://www.health.qld.gov.au/research-reports/research/researchers/how-to/confidential-information/apply-for-information,"
HAS_SOURCE|Custodian|custodian:qcif|SourceURL|https://keypoint.edu.au/,Custodian|custodian:qcif,SourceURL|https://keypoint.edu.au/
"HAS_SOURCE|Custodian|custodian:qcif|SourceURL|https://www.qcif.edu.au/news/secure-sensitive-data-platform-now-live,",Custodian|custodian:qcif,"SourceURL|https://www.qcif.edu.au/news/secure-sensitive-data-platform-now-live,"
"HAS_SOURCE|Custodian|custodian:qcif|SourceURL|https://www.qcif.edu.au/products/keypoint,",Custodian|custodian:qcif,"SourceURL|https://www.qcif.edu.au/products/keypoint,"
"HAS_SOURCE|Custodian|custodian:wa-health-data-linkage-services-wa|SourceURL|https://www.health.wa.gov.au/Articles/A_E/data-linkage/How-to-apply-for-data,",Custodian|custodian:wa-health-data-linkage-services-wa,"SourceURL|https://www.health.wa.gov.au/Articles/A_E/data-linkage/How-to-apply-for-data,"
"HAS_SOURCE|Custodian|custodian:wa-health-data-linkage-services-wa|SourceURL|https://www.health.wa.gov.au/Articles/A_E/data-linkage/How-to-apply-for-data/data-collections,",Custodian|custodian:wa-health-data-linkage-services-wa,"SourceURL|https://www.health.wa.gov.au/Articles/A_E/data-linkage/How-to-apply-for-data/data-collections,"
"HAS_SOURCE|Custodian|custodian:wa-health-data-linkage-services-wa|SourceURL|https://www.health.wa.gov.au/Articles/A_E/data-linkage/How-to-apply-for-data/data-forms,",Custodian|custodian:wa-health-data-linkage-services-wa,"SourceURL|https://www.health.wa.gov.au/Articles/A_E/data-linkage/How-to-apply-for-data/data-forms,"
"HAS_SOURCE|Custodian|custodian:wa-health-data-linkage-services-wa|SourceURL|https://www.health.wa.gov.au/articles/a_e/data-linkage,",Custodian|custodian:wa-health-data-linkage-services-wa,"SourceURL|https://www.health.wa.gov.au/articles/a_e/data-linkage,"
HAS_SOURCE|Custodian|custodian:wa-health-data-linkage-services-wa|SourceURL|https://www.wa.gov.au/organisation/department-of-the-premier-and-cabinet/office-of-digital-government/peoplewa,Custodian|custodian:wa-health-data-linkage-services-wa,SourceURL|https://www.wa.gov.au/organisation/department-of-the-premier-and-cabinet/office-of-digital-government/peoplewa
"HAS_SOURCE|Custodian|custodian:sa-health-sa-nt-datalink|SourceURL|https://www.sahealth.sa.gov.au/wps/wcm/connect/public+content/sa+health+internet/resources/provision+of+sa+health+data+via+santdl+process+flow,",Custodian|custodian:sa-health-sa-nt-datalink,"SourceURL|https://www.sahealth.sa.gov.au/wps/wcm/connect/public+content/sa+health+internet/resources/provision+of+sa+health+data+via+santdl+process+flow,"
"HAS_SOURCE|Custodian|custodian:sa-health-sa-nt-datalink|SourceURL|https://www.santdatalink.org.au/,",Custodian|custodian:sa-health-sa-nt-datalink,"SourceURL|https://www.santdatalink.org.au/,"
"HAS_SOURCE|Custodian|custodian:sa-health-sa-nt-datalink|SourceURL|https://www.santdatalink.org.au/available_datasets,",Custodian|custodian:sa-health-sa-nt-datalink,"SourceURL|https://www.santdatalink.org.au/available_datasets,"
HAS_SOURCE|Custodian|custodian:sa-health-sa-nt-datalink|SourceURL|https://www.santdatalink.org.au/files/PDF_Files/InventoryOfLinkedData.pdf,Custodian|custodian:sa-health-sa-nt-datalink,SourceURL|https://www.santdatalink.org.au/files/PDF_Files/InventoryOfLinkedData.pdf
"HAS_SOURCE|Custodian|custodian:sa-health-sa-nt-datalink|SourceURL|https://www.santdatalink.org.au/for_researchers/application_process,",Custodian|custodian:sa-health-sa-nt-datalink,"SourceURL|https://www.santdatalink.org.au/for_researchers/application_process,"
HAS_SOURCE|Custodian|custodian:tasmanian-department-of-health-tasmanian-data-linkage-unit-tdlu|SourceURL|https://www.utas.edu.au/menzies/research/data-linkage-unit/datasets,Custodian|custodian:tasmanian-department-of-health-tasmanian-data-linkage-unit-tdlu,SourceURL|https://www.utas.edu.au/menzies/research/data-linkage-unit/datasets
"HAS_SOURCE|Custodian|custodian:tasmanian-department-of-health-tasmanian-data-linkage-unit-tdlu|SourceURL|https://www.utas.edu.au/menzies/research/data-linkage-unit/how-to-apply,",Custodian|custodian:tasmanian-department-of-health-tasmanian-data-linkage-unit-tdlu,"SourceURL|https://www.utas.edu.au/menzies/research/data-linkage-unit/how-to-apply,"
"HAS_SOURCE|Custodian|custodian:act-health|SourceURL|https://www.act.gov.au/directorates-and-agencies/act-health/data-statistics-and-surveys/healthstats-act/data-collections/how-to-request-data,",Custodian|custodian:act-health,"SourceURL|https://www.act.gov.au/directorates-and-agencies/act-health/data-statistics-and-surveys/healthstats-act/data-collections/how-to-request-data,"
"HAS_SOURCE|Custodian|custodian:act-health|SourceURL|https://www.cherel.org.au/apply,",Custodian|custodian:act-health,"SourceURL|https://www.cherel.org.au/apply,"
HAS_SOURCE|Custodian|custodian:act-health|SourceURL|https://www.cherel.org.au/datasets,Custodian|custodian:act-health,SourceURL|https://www.cherel.org.au/datasets
"HAS_SOURCE|Custodian|custodian:nt-health-nt-health-research-governance-office|SourceURL|https://health.nt.gov.au/data-and-research/health-data,",Custodian|custodian:nt-health-nt-health-research-governance-office,"SourceURL|https://health.nt.gov.au/data-and-research/health-data,"
"HAS_SOURCE|Custodian|custodian:nt-health-nt-health-research-governance-office|SourceURL|https://health.nt.gov.au/data-and-research/health-data/how-to-request-data-for-secondary-use,",Custodian|custodian:nt-health-nt-health-research-governance-office,"SourceURL|https://health.nt.gov.au/data-and-research/health-data/how-to-request-data-for-secondary-use,"
"HAS_SOURCE|Custodian|custodian:nt-health-nt-health-research-governance-office|SourceURL|https://health.nt.gov.au/data-and-research/nt-health-research/research-governance,",Custodian|custodian:nt-health-nt-health-research-governance-office,"SourceURL|https://health.nt.gov.au/data-and-research/nt-health-research/research-governance,"
"HAS_SOURCE|Custodian|custodian:nt-health-nt-health-research-governance-office|SourceURL|https://www.santdatalink.org.au/Governance,",Custodian|custodian:nt-health-nt-health-research-governance-office,"SourceURL|https://www.santdatalink.org.au/Governance,"
HAS_SOURCE|Custodian|custodian:nt-health-nt-health-research-governance-office|SourceURL|https://www.santdatalink.org.au/available_datasets,Custodian|custodian:nt-health-nt-health-research-governance-office,SourceURL|https://www.santdatalink.org.au/available_datasets
"HAS_SOURCE|Custodian|custodian:phrn|SourceURL|https://www.phrn.org.au/,",Custodian|custodian:phrn,"SourceURL|https://www.phrn.org.au/,"
"HAS_SOURCE|Custodian|custodian:phrn|SourceURL|https://www.phrn.org.au/data/how-to-apply/,",Custodian|custodian:phrn,"SourceURL|https://www.phrn.org.au/data/how-to-apply/,"
HAS_SOURCE|Custodian|custodian:phrn|SourceURL|https://www.phrn.org.au/data/types-of-data/,Custodian|custodian:phrn,SourceURL|https://www.phrn.org.au/data/types-of-data/
"HAS_SOURCE|Custodian|custodian:phrn|SourceURL|https://www.phrn.org.au/resources/online-application-system/,",Custodian|custodian:phrn,"SourceURL|https://www.phrn.org.au/resources/online-application-system/,"
"HAS_SOURCE|Custodian|custodian:sure-secure-unified-research-environment|SourceURL|https://www.aihw.gov.au/about-our-data/accessing-australian-government-data/dss-data,",Custodian|custodian:sure-secure-unified-research-environment,"SourceURL|https://www.aihw.gov.au/about-our-data/accessing-australian-government-data/dss-data,"
"HAS_SOURCE|Custodian|custodian:sure-secure-unified-research-environment|SourceURL|https://www.cancer.nsw.gov.au/research-and-data/cancer-data-and-statistics/data-available-on-request/candle-program/how-to-access-the-candle-data/candle-data,",Custodian|custodian:sure-secure-unified-research-environment,"SourceURL|https://www.cancer.nsw.gov.au/research-and-data/cancer-data-and-statistics/data-available-on-request/candle-program/how-to-access-the-candle-data/candle-data,"
"HAS_SOURCE|Custodian|custodian:sure-secure-unified-research-environment|SourceURL|https://www.nhmrc.gov.au/publications/synopses/r39syn.htm,",Custodian|custodian:sure-secure-unified-research-environment,"SourceURL|https://www.nhmrc.gov.au/publications/synopses/r39syn.htm,"
HAS_SOURCE|Custodian|custodian:sure-secure-unified-research-environment|SourceURL|https://www.saxinstitute.org.au/solutions/45-and-up-study/use-the-45-and-up-study/data-and-technical-information/,Custodian|custodian:sure-secure-unified-research-environment,SourceURL|https://www.saxinstitute.org.au/solutions/45-and-up-study/use-the-45-and-up-study/data-and-technical-information/
"HAS_SOURCE|Custodian|custodian:sure-secure-unified-research-environment|SourceURL|https://www.saxinstitute.org.au/solutions/sure/,",Custodian|custodian:sure-secure-unified-research-environment,"SourceURL|https://www.saxinstitute.org.au/solutions/sure/,"
"HAS_SOURCE|Custodian|custodian:sure-secure-unified-research-environment|SourceURL|https://www.saxinstitute.org.au/wp-content/uploads/20151010-Registration-information-for-SURE-virtual-project-V2.1.pdf,",Custodian|custodian:sure-secure-unified-research-environment,"SourceURL|https://www.saxinstitute.org.au/wp-content/uploads/20151010-Registration-information-for-SURE-virtual-project-V2.1.pdf,"
HAS_SOURCE|Custodian|custodian:abs-datalab|SourceURL|https://www.abs.gov.au/statistics/microdata-tablebuilder/datalab,Custodian|custodian:abs-datalab,SourceURL|https://www.abs.gov.au/statistics/microdata-tablebuilder/datalab
"HAS_SOURCE|Custodian|custodian:aihw-data-integration-services|SourceURL|https://www.aihw.gov.au/about-our-data/accessing-data-through-the-aihw,",Custodian|custodian:aihw-data-integration-services,"SourceURL|https://www.aihw.gov.au/about-our-data/accessing-data-through-the-aihw,"
HAS_SOURCE|Custodian|custodian:aihw-data-integration-services|SourceURL|https://www.aihw.gov.au/getmedia/09289a1a-494b-4521-8cb9-912f51ac8e95/ten-steps-to-linkage.pdf.aspx,Custodian|custodian:aihw-data-integration-services,SourceURL|https://www.aihw.gov.au/getmedia/09289a1a-494b-4521-8cb9-912f51ac8e95/ten-steps-to-linkage.pdf.aspx
"HAS_SOURCE|Custodian|custodian:aihw-data-integration-services|SourceURL|https://www.aihw.gov.au/our-services/data-linkage/data-linkage-services,",Custodian|custodian:aihw-data-integration-services,"SourceURL|https://www.aihw.gov.au/our-services/data-linkage/data-linkage-services,"
HAS_SOURCE|Custodian|custodian:adha|SourceURL|https://www.digitalhealth.gov.au/initiatives-and-programs/my-health-record/manage-your-record/privacy-and-access/secondary-use-of-data,Custodian|custodian:adha,SourceURL|https://www.digitalhealth.gov.au/initiatives-and-programs/my-health-record/manage-your-record/privacy-and-access/secondary-use-of-data
"HAS_SOURCE|Custodian|custodian:phn-cooperative-primary-health-insights|SourceURL|https://phinsights.squarespace.com/s/PHNs-National-Data-Governance-Policy.pdf,",Custodian|custodian:phn-cooperative-primary-health-insights,"SourceURL|https://phinsights.squarespace.com/s/PHNs-National-Data-Governance-Policy.pdf,"
HAS_SOURCE|Custodian|custodian:phn-cooperative-primary-health-insights|SourceURL|https://www.phncooperative.org.au/,Custodian|custodian:phn-cooperative-primary-health-insights,SourceURL|https://www.phncooperative.org.au/
"HAS_SOURCE|Custodian|custodian:phn-cooperative-primary-health-insights|SourceURL|https://www.primaryhealthinsights.org.au/governance-and-privacy,",Custodian|custodian:phn-cooperative-primary-health-insights,"SourceURL|https://www.primaryhealthinsights.org.au/governance-and-privacy,"
HAS_SOURCE|Custodian|custodian:medicineinsight-nps-medicinewise|SourceURL|https://www.hisa.org.au/slides/hda/19/YuenAiLee.pdf,Custodian|custodian:medicineinsight-nps-medicinewise,SourceURL|https://www.hisa.org.au/slides/hda/19/YuenAiLee.pdf
"HAS_SOURCE|Custodian|custodian:medicineinsight-nps-medicinewise|SourceURL|https://www.nps.org.au/about-us/services/health-insights/medicineinsight/how-to-access,",Custodian|custodian:medicineinsight-nps-medicinewise,"SourceURL|https://www.nps.org.au/about-us/services/health-insights/medicineinsight/how-to-access,"
"HAS_SOURCE|Custodian|custodian:medicineinsight-nps-medicinewise|SourceURL|https://www.nps.org.au/medicine-insight,",Custodian|custodian:medicineinsight-nps-medicinewise,"SourceURL|https://www.nps.org.au/medicine-insight,"
"HAS_SOURCE|Custodian|custodian:medicineinsight-nps-medicinewise|SourceURL|https://www.nps.org.au/medicine-insight/privacy-security-governance,",Custodian|custodian:medicineinsight-nps-medicinewise,"SourceURL|https://www.nps.org.au/medicine-insight/privacy-security-governance,"
"HAS_SOURCE|Custodian|custodian:medicineinsight-nps-medicinewise|SourceURL|https://www.safetyandquality.gov.au/newsroom/latest-news/custodianship-medicineinsight-data-collection,",Custodian|custodian:medicineinsight-nps-medicinewise,"SourceURL|https://www.safetyandquality.gov.au/newsroom/latest-news/custodianship-medicineinsight-data-collection,"
"HAS_SOURCE|Custodian|custodian:medicineinsight-nps-medicinewise|SourceURL|https://www.safetyandquality.gov.au/our-work/indicators-measurement-and-reporting/medicineinsight,",Custodian|custodian:medicineinsight-nps-medicinewise,"SourceURL|https://www.safetyandquality.gov.au/our-work/indicators-measurement-and-reporting/medicineinsight,"
"HAS_SOURCE|Custodian|custodian:nhmrc-hrecs|SourceURL|https://australianclinicaltrials.gov.au/researchers/principles-and-governance,",Custodian|custodian:nhmrc-hrecs,"SourceURL|https://australianclinicaltrials.gov.au/researchers/principles-and-governance,"
HAS_SOURCE|Custodian|custodian:nhmrc-hrecs|SourceURL|https://bellberry.com.au/im-a-researcher/,Custodian|custodian:nhmrc-hrecs,SourceURL|https://bellberry.com.au/im-a-researcher/
"HAS_SOURCE|Custodian|custodian:nhmrc-hrecs|SourceURL|https://pmc.ncbi.nlm.nih.au/articles/PMC12202549/,",Custodian|custodian:nhmrc-hrecs,"SourceURL|https://pmc.ncbi.nlm.nih.au/articles/PMC12202549/,"
"HAS_SOURCE|Custodian|custodian:nhmrc-hrecs|SourceURL|https://www.ahmrc.org.au/wp-content/uploads/2023/10/HREC-Review-Timelines.pdf,",Custodian|custodian:nhmrc-hrecs,"SourceURL|https://www.ahmrc.org.au/wp-content/uploads/2023/10/HREC-Review-Timelines.pdf,"
"HAS_SOURCE|Custodian|custodian:nhmrc-hrecs|SourceURL|https://www.nhmrc.gov.au/about-us/publications/national-statement-ethical-conduct-human-research-2025,",Custodian|custodian:nhmrc-hrecs,"SourceURL|https://www.nhmrc.gov.au/about-us/publications/national-statement-ethical-conduct-human-research-2025,"
"HAS_SOURCE|Custodian|custodian:nhmrc-hrecs|SourceURL|https://www.nhmrc.gov.au/about-us/resources/human-research-ethics-committee-hrec-registration-guide,",Custodian|custodian:nhmrc-hrecs,"SourceURL|https://www.nhmrc.gov.au/about-us/resources/human-research-ethics-committee-hrec-registration-guide,"
"HAS_SOURCE|Custodian|custodian:nhmrc-hrecs|SourceURL|https://www.nhmrc.gov.au/research-policy/ethics/human-research-ethics-application-form,",Custodian|custodian:nhmrc-hrecs,"SourceURL|https://www.nhmrc.gov.au/research-policy/ethics/human-research-ethics-application-form,"
"HAS_SOURCE|Custodian|custodian:nhmrc-hrecs|SourceURL|https://www.nhmrc.gov.au/research-policy/ethics/human-research-ethics-committees,",Custodian|custodian:nhmrc-hrecs,"SourceURL|https://www.nhmrc.gov.au/research-policy/ethics/human-research-ethics-committees,"
"HAS_SOURCE|Custodian|custodian:nhmrc-hrecs|SourceURL|https://www.nhmrc.gov.au/research-policy/ethics/national-statement-ethical-conduct-human-research,",Custodian|custodian:nhmrc-hrecs,"SourceURL|https://www.nhmrc.gov.au/research-policy/ethics/national-statement-ethical-conduct-human-research,"
HAS_SOURCE|Custodian|custodian:aiatsis|SourceURL|https://aiatsis.gov.au/about/connect-us/contact-us,Custodian|custodian:aiatsis,SourceURL|https://aiatsis.gov.au/about/connect-us/contact-us
"HAS_SOURCE|Custodian|custodian:aiatsis|SourceURL|https://aiatsis.gov.au/collection/using-collection/accessing-items-collection,",Custodian|custodian:aiatsis,"SourceURL|https://aiatsis.gov.au/collection/using-collection/accessing-items-collection,"
"HAS_SOURCE|Custodian|custodian:aiatsis|SourceURL|https://aiatsis.gov.au/form/request-collection-access,",Custodian|custodian:aiatsis,"SourceURL|https://aiatsis.gov.au/form/request-collection-access,"
"HAS_SOURCE|Custodian|custodian:aiatsis|SourceURL|https://aiatsis.gov.au/research/ethical-research,",Custodian|custodian:aiatsis,"SourceURL|https://aiatsis.gov.au/research/ethical-research,"
"HAS_SOURCE|Custodian|custodian:aiatsis|SourceURL|https://aiatsis.gov.au/sites/default/files/2020-10/aiatsis-code-ethics.pdf,",Custodian|custodian:aiatsis,"SourceURL|https://aiatsis.gov.au/sites/default/files/2020-10/aiatsis-code-ethics.pdf,"
"HAS_SOURCE|Custodian|custodian:aiatsis|SourceURL|https://aiatsis.gov.au/sites/default/files/2020-10/aiatsis-guide-applying-code-ethics.pdf,",Custodian|custodian:aiatsis,"SourceURL|https://aiatsis.gov.au/sites/default/files/2020-10/aiatsis-guide-applying-code-ethics.pdf,"
"HAS_SOURCE|Custodian|custodian:naccho-aboriginal-community-controlled-health-organisations-acchos|SourceURL|https://engage.dss.gov.au/wp-content/uploads/2025/12/NACCHO-Redacted.pdf,",Custodian|custodian:naccho-aboriginal-community-controlled-health-organisations-acchos,"SourceURL|https://engage.dss.gov.au/wp-content/uploads/2025/12/NACCHO-Redacted.pdf,"
HAS_SOURCE|Custodian|custodian:naccho-aboriginal-community-controlled-health-organisations-acchos|SourceURL|https://pmc.ncbi.nlm.nih.gov/articles/PMC12102749/,Custodian|custodian:naccho-aboriginal-community-controlled-health-organisations-acchos,SourceURL|https://pmc.ncbi.nlm.nih.gov/articles/PMC12102749/
"HAS_SOURCE|Custodian|custodian:naccho-aboriginal-community-controlled-health-organisations-acchos|SourceURL|https://pmc.ncbi.nlm.nih.gov/articles/PMC7716440/,",Custodian|custodian:naccho-aboriginal-community-controlled-health-organisations-acchos,"SourceURL|https://pmc.ncbi.nlm.nih.gov/articles/PMC7716440/,"
"HAS_SOURCE|Custodian|custodian:naccho-aboriginal-community-controlled-health-organisations-acchos|SourceURL|https://pmc.ncbi.nlm.nih.gov/articles/PMC8355598/,",Custodian|custodian:naccho-aboriginal-community-controlled-health-organisations-acchos,"SourceURL|https://pmc.ncbi.nlm.nih.gov/articles/PMC8355598/,"
"HAS_SOURCE|Custodian|custodian:naccho-aboriginal-community-controlled-health-organisations-acchos|SourceURL|https://sahmri.blob.core.windows.net/communications/CREATE-Policy-Briefs-All.pdf,",Custodian|custodian:naccho-aboriginal-community-controlled-health-organisations-acchos,"SourceURL|https://sahmri.blob.core.windows.net/communications/CREATE-Policy-Briefs-All.pdf,"
"HAS_SOURCE|Custodian|custodian:naccho-aboriginal-community-controlled-health-organisations-acchos|SourceURL|https://thephn.com.au/what-we-do/digital-health/health-e-together-for-accho,",Custodian|custodian:naccho-aboriginal-community-controlled-health-organisations-acchos,"SourceURL|https://thephn.com.au/what-we-do/digital-health/health-e-together-for-accho,"
"HAS_SOURCE|Custodian|custodian:naccho-aboriginal-community-controlled-health-organisations-acchos|SourceURL|https://www.aph.gov.au/DocumentStore.ashx?id=a10d9ecd-6346-42c3-aec6-bb0219df0efa&subId=704106,",Custodian|custodian:naccho-aboriginal-community-controlled-health-organisations-acchos,"SourceURL|https://www.aph.gov.au/DocumentStore.ashx?id=a10d9ecd-6346-42c3-aec6-bb0219df0efa&subId=704106,"
"HAS_SOURCE|Custodian|custodian:naccho-aboriginal-community-controlled-health-organisations-acchos|SourceURL|https://www.health.vic.gov.au/aboriginal-health/strengthening-lifelong-aboriginal-health-and-wellbeing-of-aboriginal-victorians,",Custodian|custodian:naccho-aboriginal-community-controlled-health-organisations-acchos,"SourceURL|https://www.health.vic.gov.au/aboriginal-health/strengthening-lifelong-aboriginal-health-and-wellbeing-of-aboriginal-victorians,"
"HAS_SOURCE|Custodian|custodian:naccho-aboriginal-community-controlled-health-organisations-acchos|SourceURL|https://www.health.wa.gov.au/About-us/Policy-frameworks/Information-Management/Mandatory-requirements/Governance/Aboriginal-Data-Governance-Policy,",Custodian|custodian:naccho-aboriginal-community-controlled-health-organisations-acchos,"SourceURL|https://www.health.wa.gov.au/About-us/Policy-frameworks/Information-Management/Mandatory-requirements/Governance/Aboriginal-Data-Governance-Policy,"
"HAS_SOURCE|Custodian|custodian:naccho-aboriginal-community-controlled-health-organisations-acchos|SourceURL|https://www.lowitja.org.au/wp-content/uploads/2023/10/328550_data-governance-and-sovereignty.pdf,",Custodian|custodian:naccho-aboriginal-community-controlled-health-organisations-acchos,"SourceURL|https://www.lowitja.org.au/wp-content/uploads/2023/10/328550_data-governance-and-sovereignty.pdf,"
"HAS_SOURCE|Custodian|custodian:naccho-aboriginal-community-controlled-health-organisations-acchos|SourceURL|https://www.naccho.org.au/aboriginal-community-controlled-health/,",Custodian|custodian:naccho-aboriginal-community-controlled-health-organisations-acchos,"SourceURL|https://www.naccho.org.au/aboriginal-community-controlled-health/,"
"HAS_SOURCE|Custodian|custodian:naccho-aboriginal-community-controlled-health-organisations-acchos|SourceURL|https://www.naccho.org.au/governance/,",Custodian|custodian:naccho-aboriginal-community-controlled-health-organisations-acchos,"SourceURL|https://www.naccho.org.au/governance/,"
"HAS_SOURCE|Custodian|custodian:naccho-aboriginal-community-controlled-health-organisations-acchos|SourceURL|https://www.naccho.org/uploads/full-width-images/25-01-Data-Strategy.pdf,",Custodian|custodian:naccho-aboriginal-community-controlled-health-organisations-acchos,"SourceURL|https://www.naccho.org/uploads/full-width-images/25-01-Data-Strategy.pdf,"
"HAS_SOURCE|Custodian|custodian:naccho-aboriginal-community-controlled-health-organisations-acchos|SourceURL|https://www.niaa.gov.au/resource-centre/framework-governance-indigenous-data,",Custodian|custodian:naccho-aboriginal-community-controlled-health-organisations-acchos,"SourceURL|https://www.niaa.gov.au/resource-centre/framework-governance-indigenous-data,"
"HAS_SOURCE|Custodian|custodian:naccho-aboriginal-community-controlled-health-organisations-acchos|SourceURL|https://www.sciencedirect.com/science/article/pii/S1326020023007458,",Custodian|custodian:naccho-aboriginal-community-controlled-health-organisations-acchos,"SourceURL|https://www.sciencedirect.com/science/article/pii/S1326020023007458,"
"HAS_SOURCE|Custodian|custodian:acsqhc|SourceURL|https://www.aihw.gov.au/about-our-data/accessing-data-through-the-aihw,",Custodian|custodian:acsqhc,"SourceURL|https://www.aihw.gov.au/about-our-data/accessing-data-through-the-aihw,"
HAS_SOURCE|Custodian|custodian:acsqhc|SourceURL|https://www.australiangenomics.org.au/publications/framework-for-australian-clinical-quality-registries-second-edition/,Custodian|custodian:acsqhc,SourceURL|https://www.australiangenomics.org.au/publications/framework-for-australian-clinical-quality-registries-second-edition/
"HAS_SOURCE|Custodian|custodian:acsqhc|SourceURL|https://www.health.gov.au/our-work/national-clinical-quality-registry-program,",Custodian|custodian:acsqhc,"SourceURL|https://www.health.gov.au/our-work/national-clinical-quality-registry-program,"
"HAS_SOURCE|Custodian|custodian:acsqhc|SourceURL|https://www.nhmrc.gov.au/about-us/publications/national-statement-ethical-conduct-human-research-2023,",Custodian|custodian:acsqhc,"SourceURL|https://www.nhmrc.gov.au/about-us/publications/national-statement-ethical-conduct-human-research-2023,"
"HAS_SOURCE|Custodian|custodian:acsqhc|SourceURL|https://www.safetyandquality.gov.au/our-work/indicators-measurement-and-reporting/national-guidance-clinical-quality-registries,",Custodian|custodian:acsqhc,"SourceURL|https://www.safetyandquality.gov.au/our-work/indicators-measurement-and-reporting/national-guidance-clinical-quality-registries,"
"HAS_SOURCE|Custodian|custodian:acsqhc|SourceURL|https://www.safetyandquality.gov.au/publications-and-resources/resource-library/acsqhc-data-governance-framework,",Custodian|custodian:acsqhc,"SourceURL|https://www.safetyandquality.gov.au/publications-and-resources/resource-library/acsqhc-data-governance-framework,"
"HAS_SOURCE|Custodian|custodian:acsqhc|SourceURL|https://www.safetyandquality.gov.au/sites/default/files/2021-06/acsqhc_-_data_governance_framework_-_dec_2016.pdf,",Custodian|custodian:acsqhc,"SourceURL|https://www.safetyandquality.gov.au/sites/default/files/2021-06/acsqhc_-_data_governance_framework_-_dec_2016.pdf,"
"HAS_SOURCE|Custodian|custodian:ardc|SourceURL|https://ardc.edu.au/services/health-data-australia/,",Custodian|custodian:ardc,"SourceURL|https://ardc.edu.au/services/health-data-australia/,"
HAS_SOURCE|Custodian|custodian:ardc|SourceURL|https://documentation.ardc.edu.au/hda/how-to-request-access-to-a-health-dataset,Custodian|custodian:ardc,SourceURL|https://documentation.ardc.edu.au/hda/how-to-request-access-to-a-health-dataset
"HAS_SOURCE|Custodian|custodian:private-hospital-data-bureau-phdb-via-aihw-department-of-health|SourceURL|https://www.aihw.gov.au/about-our-data/accessing-data-through-the-aihw,",Custodian|custodian:private-hospital-data-bureau-phdb-via-aihw-department-of-health,"SourceURL|https://www.aihw.gov.au/about-our-data/accessing-data-through-the-aihw,"
HAS_SOURCE|Custodian|custodian:private-hospital-data-bureau-phdb-via-aihw-department-of-health|SourceURL|https://www.aihw.gov.au/about-our-data/accessing-data-through-the-aihw/data-on-request,Custodian|custodian:private-hospital-data-bureau-phdb-via-aihw-department-of-health,SourceURL|https://www.aihw.gov.au/about-our-data/accessing-data-through-the-aihw/data-on-request
"HAS_SOURCE|Custodian|custodian:private-hospital-data-bureau-phdb-via-aihw-department-of-health|SourceURL|https://www.health.gov.au/topics/hospital-care/our-role/phdb-data?language=en,",Custodian|custodian:private-hospital-data-bureau-phdb-via-aihw-department-of-health,"SourceURL|https://www.health.gov.au/topics/hospital-care/our-role/phdb-data?language=en,"
